Workbook

Sheet currencies
A1: Currencies | B1: Average_Cost_for_two | C1: Price in USD
A2: Indian Rupees(Rs.) | B2: 300 | C2: =B2*_xlfn.XLOOKUP(A2,'Exchange rate'!$A$2:$A$13,'Exchange rate'!$B$2:$B$13) -> 3.3
A3: Indian Rupees(Rs.) | B3: 200 | C3: =B3*_xlfn.XLOOKUP(A3,'Exchange rate'!$A$2:$A$13,'Exchange rate'!$B$2:$B$13) -> 2.2
A4: Indian Rupees(Rs.) | B4: 400 | C4: =B4*_xlfn.XLOOKUP(A4,'Exchange rate'!$A$2:$A$13,'Exchange rate'!$B$2:$B$13) -> 4.4
A5: Indian Rupees(Rs.) | B5: 100 | C5: =B5*_xlfn.XLOOKUP(A5,'Exchange rate'!$A$2:$A$13,'Exchange rate'!$B$2:$B$13) -> 1.1
A6: Indian Rupees(Rs.) | B6: 150 | C6: =B6*_xlfn.XLOOKUP(A6,'Exchange rate'!$A$2:$A$13,'Exchange rate'!$B$2:$B$13) -> 1.65
A7: Indian Rupees(Rs.) | B7: 100 | C7: =B7*_xlfn.XLOOKUP(A7,'Exchange rate'!$A$2:$A$13,'Exchange rate'!$B$2:$B$13) -> 1.1
A8: Indian Rupees(Rs.) | B8: 200 | C8: =B8*_xlfn.XLOOKUP(A8,'Exchange rate'!$A$2:$A$13,'Exchange rate'!$B$2:$B$13) -> 2.2
A9: Indian Rupees(Rs.) | B9: 150 | C9: =B9*_xlfn.XLOOKUP(A9,'Exchange rate'!$A$2:$A$13,'Exchange rate'!$B$2:$B$13) -> 1.65
A10: Indian Rupees(Rs.) | B10: 100 | C10: =B10*_xlfn.XLOOKUP(A10,'Exchange rate'!$A$2:$A$13,'Exchange rate'!$B$2:$B$13) -> 1.1
A11: Indian Rupees(Rs.) | B11: 200 | C11: =B11*_xlfn.XLOOKUP(A11,'Exchange rate'!$A$2:$A$13,'Exchange rate'!$B$2:$B$13) -> 2.2
A12: Indian Rupees(Rs.) | B12: 100 | C12: =B12*_xlfn.XLOOKUP(A12,'Exchange rate'!$A$2:$A$13,'Exchange rate'!$B$2:$B$13) -> 1.1
A13: Indian Rupees(Rs.) | B13: 50 | C13: =B13*_xlfn.XLOOKUP(A13,'Exchange rate'!$A$2:$A$13,'Exchange rate'!$B$2:$B$13) -> 0.55
... A9552: Turkish Lira(TL) | B9552: 70 | C9552: =B9552*_xlfn.XLOOKUP(A9552,'Exchange rate'!$A$2:$A$13,'Exchange rate'!$B$2:$B$13) -> 1.61

Sheet Exchange rate
A1: Unique_Currency | B1: USD
A2: Indian Rupees(Rs.) | B2: 0.011
A3: Dollar($) | B3: 1
A4: Pounds(Œ£) | B4: 1.34
A5: NewZealand($) | B5: 0.57
A6: Emirati Diram(AED) | B6: 0.27
A7: Brazilian Real(R$) | B7: 0.19
A8: Turkish Lira(TL) | B8: 0.023
A9: Qatari Rial(QR) | B9: 0.27
A10: Rand(R) | B10: 0.061
A11: Botswana Pula(P) | B11: 0.074
A12: Sri Lankan Rupee(LKR) | B12: 0.0032
A13: Indonesian Rupiah(IDR) | B13: 5.9e-05
